Tarih,Tax Effect Of Unusual Items,Tax Rate For Calcs,Normalized EBITDA,Total Unusual Items,Total Unusual Items Excluding Goodwill,Net Income From Continuing Operation Net Minority Interest,Reconciled Depreciation,Reconciled Cost Of Revenue,EBITDA,EBIT,Net Interest Income,Interest Expense,Interest Income,Normalized Income,Net Income From Continuing And Discontinued Operation,Total Expenses,Rent Expense Supplemental,Total Operating Income As Reported,Diluted Average Shares,Basic Average Shares,Diluted EPS,Basic EPS,Diluted NI Availto Com Stockholders,Net Income Common Stockholders,Otherunder Preferred Stock Dividend,Net Income,Minority Interests,Net Income Including Noncontrolling Interests,Net Income Continuous Operations,Tax Provision,Pretax Income,Other Non Operating Income Expenses,Special Income Charges,Other Special Charges,Restructuring And Mergern Acquisition,Net Non Operating Interest Income Expense,Total Other Finance Cost,Interest Expense Non Operating,Interest Income Non Operating,Operating Income,Operating Expense,Other Operating Expenses,Depreciation And Amortization In Income Statement,Depreciation Income Statement,Selling General And Administration,Selling And Marketing Expense,General And Administrative Expense,Rent And Landing Fees,Gross Profit,Cost Of Revenue,Total Revenue,Operating Revenue,Åžirket,Write Off,Research And Development,Impairment Of Capital Assets
2025-03-31,-124861000.0,0.25,14633051000.0,-499444000.0,-499444000.0,2705109000.0,6181330000.0,121863881000.0,14133607000.0,7952277000.0,-1621149000.0,1555887000.0,9040000.0,3079692000.0,2705109000.0,148532076000.0,232270000.0,-1297669000.0,594898000.0,594898000.0,4.55,4.55,2705109000.0,2705109000.0,0.0,2705109000.0,-5296000.0,2710405000.0,2710405000.0,3685985000.0,6396390000.0,8247641000.0,-499444000.0,339983000.0,159461000.0,-1621149000.0,74302000.0,1555887000.0,9040000.0,-809419000.0,26668195000.0,1205282000.0,6049035000.0,6049035000.0,3239307000.0,1596199000.0,1643108000.0,232270000.0,25858776000.0,121863881000.0,147722657000.0,147722657000.0,BIMAS,,,
2024-12-31,-820921998.771738,0.351071,16404765000.0,-2338335000.0,-2338335000.0,4732312000.0,5266872000.0,124635965000.0,14066430000.0,8799558000.0,-1569749000.0,1507142000.0,1770000.0,6249725001.228262,4732312000.0,149146177000.0,220955000.0,2831743000.0,,,,,4732312000.0,4732312000.0,0.0,4732312000.0,53000.0,4732259000.0,4732259000.0,2560157000.0,7292416000.0,4571581000.0,-118760000.0,68518000.0,50242000.0,-1569749000.0,64377000.0,1507142000.0,1770000.0,2960965000.0,24510212000.0,1091254000.0,5053727000.0,5053727000.0,3324734000.0,1618349000.0,1706385000.0,220955000.0,27471177000.0,124635965000.0,152107142000.0,152107142000.0,BIMAS,,,
2024-09-30,166788637.391229,0.312923,11717916000.0,533003000.0,533003000.0,4350985000.0,4729680000.0,103621250000.0,12250919000.0,7521239000.0,-1188886000.0,1154992000.0,569000.0,3984770637.391229,4350985000.0,124489851000.0,164463000.0,898211000.0,596842936.0,596842936.0,7.29,7.29,4350985000.0,4350985000.0,0.0,4350985000.0,-23120000.0,4374105000.0,4374105000.0,1992142000.0,6366247000.0,5561410000.0,-551499000.0,470798000.0,80701000.0,-1188886000.0,34463000.0,1154992000.0,569000.0,1448336000.0,20868601000.0,887176000.0,3951595000.0,3951595000.0,3092018000.0,1531330000.0,1560688000.0,164463000.0,22316937000.0,103621250000.0,125938187000.0,125938187000.0,BIMAS,,,
2024-06-30,174357750.0,0.25,8218757000.0,697431000.0,697431000.0,4521409000.0,2695303000.0,90940440000.0,8916188000.0,5318066000.0,-991617000.0,1013090000.0,42752000.0,3998335750.0,4521409000.0,109018074000.0,67599000.0,141326000.0,597279921.0,597279921.0,7.57,7.57,4521409000.0,4521409000.0,0.0,4521409000.0,-2410000.0,4523819000.0,4523819000.0,-218843000.0,4304976000.0,4386350000.0,164253000.0,4816000.0,-169069000.0,-991617000.0,21279000.0,1013090000.0,42752000.0,234767000.0,18077634000.0,808798000.0,3598122000.0,3598122000.0,2455536000.0,1358771000.0,1096765000.0,67599000.0,18312401000.0,90940440000.0,109252841000.0,109252841000.0,BIMAS,,,
2024-03-31,-95374241.029574,0.396349,14838562000.0,-240632000.0,-240632000.0,5355475000.0,4520721000.0,118648407000.0,14597930000.0,10077209000.0,-1236952000.0,1204414000.0,2777000.0,5500732758.970426,5355475000.0,141447663000.0,239287000.0,1658360000.0,597000000.0,597000000.0,8.97,8.97,5355475000.0,5355475000.0,0.0,5355475000.0,-597000.0,5356072000.0,5356072000.0,3516723000.0,8872795000.0,7849929000.0,-240632000.0,116524000.0,124108000.0,-1236952000.0,35315000.0,1204414000.0,2777000.0,1860477000.0,22799256000.0,799850000.0,4337990000.0,4337990000.0,3212933000.0,1590821000.0,1622112000.0,239287000.0,24659733000.0,118648407000.0,143308140000.0,143308140000.0,BIMAS,,,
2023-09-30,,,,,,,,,,,,,,,,,,,596987943.0,596987943.0,12.69,12.69,,,,,,,,,,,,,,,,,,,,,,,,,,,,,,,BIMAS,,,
2025-03-31,0.0,0.25,-402537000.0,,,2274816000.0,1171162000.0,15969400000.0,-402537000.0,-1573699000.0,251586000.0,561832000.0,813418000.0,2274816000.0,2274816000.0,18599922000.0,,7406479000.0,4560000000.0,4560000000.0,0.4989,0.4989,2274816000.0,2274816000.0,0.0,2274816000.0,141325000.0,2133491000.0,2133491000.0,-4269022000.0,-2135531000.0,-7025872000.0,,,,251586000.0,,561832000.0,813418000.0,4190851000.0,2630522000.0,922278000.0,,,2007280000.0,590256000.0,1417024000.0,,6821373000.0,15969400000.0,22790773000.0,22790773000.0,ASELS,,842833000.0,
2024-12-31,0.0,0.012912,11916975000.0,,,9157027000.0,1055698000.0,40102605000.0,11916975000.0,10861277000.0,266159000.0,1593590000.0,1859749000.0,9157027000.0,9157027000.0,45326617000.0,,12947593000.0,,,,,9157027000.0,9157027000.0,0.0,9157027000.0,9007000.0,9148020000.0,9148020000.0,119667000.0,9267687000.0,-3407512000.0,,,,266159000.0,,1593590000.0,1859749000.0,14163004000.0,5224012000.0,-1554981000.0,,,-2665154000.0,121853000.0,-2787007000.0,,19387016000.0,40102605000.0,59489621000.0,59489621000.0,ASELS,,1711701000.0,
2024-09-30,0.0,0.122471,7344358000.0,,,4283965000.0,830845000.0,38213775000.0,7344358000.0,6513513000.0,-1083979000.0,1547974000.0,463995000.0,4283965000.0,4283965000.0,43502405000.0,,22777915000.0,4560000000.0,4560000000.0,0.9395,0.9395,4283965000.0,4283965000.0,0.0,4283965000.0,-73437000.0,4357402000.0,4357402000.0,608137000.0,4965539000.0,-10880966000.0,,,,-1083979000.0,,1547974000.0,463995000.0,9561033000.0,5288630000.0,1078045000.0,,,3805379000.0,1154774000.0,2650605000.0,,14849663000.0,38213775000.0,53063438000.0,53063438000.0,ASELS,,1406229000.0,
2024-06-30,0.0,0.25,1010365000.0,,,2277136000.0,460352000.0,12646333000.0,1010365000.0,550013000.0,-864683000.0,942158000.0,77475000.0,2277136000.0,2277136000.0,15051194000.0,,4454780000.0,4560000000.0,4560000000.0,0.4994,0.4994,2277136000.0,2277136000.0,0.0,2277136000.0,-25802000.0,2302938000.0,2302938000.0,-2695083000.0,-392145000.0,-3835744000.0,,,,-864683000.0,,942158000.0,77475000.0,4256049000.0,2404861000.0,800791000.0,,,1606508000.0,524348000.0,1082160000.0,,6660910000.0,12646333000.0,19307243000.0,19307243000.0,ASELS,,708267000.0,
2024-03-31,0.0,0.25,1185341000.0,,,1938650000.0,952639000.0,14857768000.0,1185341000.0,232702000.0,-705830000.0,969183000.0,263353000.0,1938650000.0,1938650000.0,16791885000.0,,6190328000.0,4560000000.0,4560000000.0,0.4251,0.4251,1938650000.0,1938650000.0,0.0,1938650000.0,227657000.0,1710993000.0,1710993000.0,-2447474000.0,-736481000.0,-4763331000.0,,,,-705830000.0,,969183000.0,263353000.0,4115726000.0,1934117000.0,1181855000.0,,,1896511000.0,467339000.0,1429172000.0,,6049843000.0,14857768000.0,20907611000.0,20907611000.0,ASELS,,413244000.0,
2023-12-31,,,,305461000.0,305461000.0,,,,,,,,,,,,,,,,,,,,,,,,,,,,293338000.0,,,,,,,,,,,,,,,,,,,,ASELS,,,
2023-09-30,,,,234461000.0,234461000.0,,,,,,,,,,,,,,4560000000.0,4560000000.0,0.562,0.562,,,,,,,,,,,234461000.0,,,,,,,,,,,,,,,,,,,,ASELS,-234461000.0,,
2025-03-31,-116432800.0,0.4,5638674000.0,-291082000.0,-291082000.0,426389000.0,2368275000.0,49743369000.0,5347592000.0,2979317000.0,-462662000.0,2557604000.0,2101517000.0,601038200.0,426389000.0,51939263000.0,,1897402000.0,,,,,426389000.0,426389000.0,0.0,426389000.0,-21515000.0,447904000.0,447904000.0,-26191000.0,421713000.0,274151000.0,29687000.0,-29687000.0,,-462662000.0,6575000.0,2557604000.0,2101517000.0,1605364000.0,2195894000.0,371885000.0,221325000.0,221325000.0,890131000.0,257474000.0,632657000.0,,3801258000.0,49743369000.0,53544627000.0,53544627000.0,EREGL,,83753000.0,
2024-12-31,985840093.454943,0.184004,3843845000.0,5357714000.0,5357714000.0,2693878000.0,2521328000.0,52703416000.0,9201559000.0,6680231000.0,-1441511000.0,3111431000.0,1697259000.0,-1677995906.545057,2693878000.0,55012111000.0,,5202690000.0,,,,,2693878000.0,2693878000.0,0.0,2693878000.0,-218249000.0,2912127000.0,2912127000.0,656673000.0,3568800000.0,99324000.0,5086638000.0,-4952612000.0,,-1441511000.0,27339000.0,3111431000.0,1697259000.0,101066000.0,2308695000.0,279411000.0,226912000.0,226912000.0,1070549000.0,298846000.0,771703000.0,,2409761000.0,52703416000.0,55113177000.0,55113177000.0,EREGL,,116265000.0,
2024-09-30,-9189500.0,0.25,5760704000.0,-36758000.0,-36758000.0,800675000.0,2205162000.0,44399886000.0,5723946000.0,3518784000.0,-1535216000.0,3149275000.0,1653524000.0,828243500.0,800675000.0,46496229000.0,,2485837000.0,6998907343.0,6998907343.0,0.1144,0.1144,800675000.0,800675000.0,0.0,800675000.0,-91002000.0,891677000.0,891677000.0,-522168000.0,369509000.0,-134220000.0,65408000.0,-65408000.0,,-1535216000.0,39465000.0,3149275000.0,1653524000.0,2232480000.0,2096343000.0,262153000.0,223888000.0,223888000.0,887694000.0,252029000.0,635665000.0,,4328823000.0,44399886000.0,48728709000.0,48728709000.0,EREGL,,77618000.0,
2024-06-30,2890500.0,0.25,7997500000.0,11562000.0,11562000.0,4385872000.0,2122307000.0,44233694000.0,8009062000.0,5886755000.0,-1581993000.0,2665411000.0,1098608000.0,4377200500.0,4385872000.0,46140164000.0,,4556860000.0,7000035113.0,7000035113.0,0.62655,0.62655,4385872000.0,4385872000.0,0.0,4385872000.0,-156432000.0,4542304000.0,4542304000.0,-1320960000.0,3221344000.0,-159360000.0,74887000.0,-74887000.0,,-1581993000.0,15190000.0,2665411000.0,1098608000.0,4330257000.0,1906470000.0,165862000.0,215697000.0,215697000.0,841042000.0,235606000.0,605436000.0,,6236727000.0,44233694000.0,50470421000.0,50470421000.0,EREGL,,77078000.0,
2024-03-31,270744413.805655,0.081056,7468179000.0,3340230000.0,3340230000.0,5600923000.0,1988437000.0,42718340000.0,10808409000.0,8819972000.0,-1860066000.0,2457304000.0,603250000.0,2531437413.805655,5600923000.0,44322865000.0,,8810833000.0,6721779778.0,6721779778.0,0.83325,0.83325,5600923000.0,5600923000.0,0.0,5600923000.0,-246015000.0,5846938000.0,5846938000.0,515730000.0,6362668000.0,-49272000.0,3312354000.0,-3312354000.0,,-1860066000.0,6012000.0,2457304000.0,603250000.0,5424768000.0,1604525000.0,255048000.0,197468000.0,197468000.0,651814000.0,206151000.0,445663000.0,,7029293000.0,42718340000.0,49747633000.0,49747633000.0,EREGL,,64630000.0,
2023-12-31,,,,,,,,,,,,,,,,,,,,,,,,,,,,,,,,,,,,,,,,,,,,,,,,,,,,,EREGL,,,-112896000.0
2023-09-30,,,,,,,,,,,,,,,,,,,7011525424.0,7011525424.0,0.0059,0.0059,,,,,,,,,,,,,,,,,,,,,,,,,,,,,,,EREGL,,,3559000.0
2025-03-31,-8608695.652174,0.043478,844000000.0,-198000000.0,-198000000.0,-44000000.0,565000000.0,4558000000.0,646000000.0,81000000.0,278000000.0,127000000.0,390000000.0,145391304.347826,-44000000.0,5027000000.0,98000000.0,-76000000.0,1379944530.0,1379944530.0,-0.03,-0.03,-44000000.0,-44000000.0,0.0,-44000000.0,,-44000000.0,-44000000.0,-2000000.0,-46000000.0,13000000.0,6000000.0,-6000000.0,,278000000.0,-15000000.0,127000000.0,390000000.0,-140000000.0,469000000.0,7000000.0,21000000.0,21000000.0,351000000.0,298000000.0,53000000.0,6000000.0,329000000.0,4558000000.0,4887000000.0,4887000000.0,THYAO,,,
2024-12-31,31742980.561555,0.230022,1561000000.0,138000000.0,138000000.0,712000000.0,574000000.0,4722000000.0,1699000000.0,1125000000.0,368000000.0,199000000.0,518000000.0,605742980.561555,712000000.0,4986000000.0,151000000.0,824000000.0,,,,,712000000.0,712000000.0,0.0,712000000.0,-13211430.0,713000000.0,713000000.0,213000000.0,926000000.0,9000000.0,2000000.0,-2000000.0,,368000000.0,-49000000.0,199000000.0,518000000.0,623000000.0,264000000.0,17000000.0,20000000.0,20000000.0,357000000.0,296000000.0,61000000.0,14000000.0,887000000.0,4722000000.0,5609000000.0,5609000000.0,THYAO,,,
2024-09-30,-3945722.713864,0.089676,2443000000.0,-44000000.0,-44000000.0,1544000000.0,555000000.0,4810000000.0,2399000000.0,1844000000.0,548000000.0,149000000.0,460000000.0,1584054277.286136,1544000000.0,5354000000.0,98000000.0,1957000000.0,1378571429.0,1378571429.0,1.12,1.12,1544000000.0,1544000000.0,0.0,1544000000.0,1000000.0,1543000000.0,1543000000.0,152000000.0,1695000000.0,10000000.0,-13000000.0,13000000.0,,548000000.0,-237000000.0,149000000.0,460000000.0,1276000000.0,544000000.0,24000000.0,20000000.0,20000000.0,363000000.0,310000000.0,53000000.0,4000000.0,1820000000.0,4810000000.0,6630000000.0,6630000000.0,THYAO,,,
2024-06-30,-53000000.0,0.25,1780000000.0,-212000000.0,-212000000.0,943000000.0,543000000.0,4570000000.0,1568000000.0,1025000000.0,322000000.0,167000000.0,362000000.0,1102000000.0,943000000.0,5108000000.0,123000000.0,591000000.0,1386764706.0,1386764706.0,0.68,0.68,943000000.0,943000000.0,0.0,943000000.0,,943000000.0,943000000.0,-85000000.0,858000000.0,20000000.0,27000000.0,-27000000.0,,322000000.0,-127000000.0,167000000.0,362000000.0,553000000.0,538000000.0,13000000.0,18000000.0,18000000.0,374000000.0,344000000.0,30000000.0,3000000.0,1091000000.0,4570000000.0,5661000000.0,5661000000.0,THYAO,,,
2024-03-31,-6500000.0,0.25,885000000.0,-26000000.0,-26000000.0,226000000.0,531000000.0,4245000000.0,859000000.0,328000000.0,213000000.0,160000000.0,306000000.0,245500000.0,226000000.0,4761000000.0,107000000.0,42000000.0,1379952030.0,1379952030.0,0.16,0.16,226000000.0,226000000.0,0.0,226000000.0,,226000000.0,226000000.0,-58000000.0,168000000.0,10000000.0,20000000.0,-20000000.0,,213000000.0,-67000000.0,160000000.0,306000000.0,8000000.0,516000000.0,20000000.0,19000000.0,19000000.0,332000000.0,302000000.0,30000000.0,3000000.0,524000000.0,4245000000.0,4769000000.0,4769000000.0,THYAO,,,
2023-09-30,,,,,,,,,,,,,,,,,,,1381294964.0,1381294964.0,1.39,1.39,,,,,,,,,,,,,,,,,,,,,,,,,,,,,,,THYAO,,,
2025-03-31,-217488797.631523,0.295127,15983468000.0,-736933000.0,-736933000.0,6487096000.0,3506299000.0,146995509000.0,15246535000.0,11740236000.0,-982252000.0,2537024000.0,1059326000.0,7006540202.368477,6487096000.0,154643751000.0,,7769906000.0,,,,,6487096000.0,6487096000.0,0.0,6487096000.0,,6487096000.0,6487096000.0,2716116000.0,9203212000.0,5374048000.0,1627000.0,-1627000.0,,-982252000.0,-495446000.0,2537024000.0,1059326000.0,6257427000.0,7648242000.0,450191000.0,,,5589359000.0,3432269000.0,2157090000.0,,13905669000.0,146995509000.0,160901178000.0,160901178000.0,FROTO,,1767559000.0,
2024-12-31,-446585000.0,0.25,18678529000.0,-1786340000.0,-1786340000.0,13197975000.0,3239375000.0,175989118000.0,16892189000.0,13652814000.0,-2021552000.0,3586311000.0,1730035000.0,14537730000.0,13197975000.0,182941919000.0,,6041907000.0,,,,,13197975000.0,13197975000.0,0.0,13197975000.0,,13197975000.0,13197975000.0,-3131472000.0,10066503000.0,5890550000.0,,,,-2021552000.0,165276000.0,3586311000.0,1730035000.0,7386882000.0,6952801000.0,979778000.0,,,-2877676000.0,1408755000.0,-4286431000.0,,14339683000.0,175989118000.0,190328801000.0,190328801000.0,FROTO,,1604032000.0,
2024-09-30,-41719173.647756,0.145336,16704773000.0,-287053000.0,-287053000.0,8562179000.0,3043736000.0,128301141000.0,16417720000.0,13373984000.0,-1968008000.0,3355801000.0,1163060000.0,8807512826.352243,8562179000.0,134535165000.0,,8054584000.0,350910000.0,350910000.0,24.4,24.4,8562179000.0,8562179000.0,0.0,8562179000.0,,8562179000.0,8562179000.0,1456004000.0,10018183000.0,5362178000.0,,,,-1968008000.0,-224733000.0,3355801000.0,1163060000.0,7193555000.0,6234024000.0,126983000.0,,,5132874000.0,2846721000.0,2286153000.0,,13427579000.0,128301141000.0,141728720000.0,141728720000.0,FROTO,,1224601000.0,
2024-06-30,-182006000.0,0.25,10290378000.0,-728024000.0,-728024000.0,5975514000.0,2321727000.0,96466132000.0,9562354000.0,7240627000.0,-1821173000.0,2424350000.0,414082000.0,6521532000.0,5975514000.0,102162812000.0,,4032460000.0,350910000.0,350910000.0,17.03,17.03,5975514000.0,5975514000.0,0.0,5975514000.0,,5975514000.0,5975514000.0,-1159237000.0,4816277000.0,5796534000.0,,,,-1821173000.0,-189095000.0,2424350000.0,414082000.0,4615717000.0,5696680000.0,531935000.0,,,3790747000.0,2034719000.0,1756028000.0,,10312397000.0,96466132000.0,106778529000.0,106778529000.0,FROTO,,1605367000.0,
2024-03-31,-148438250.0,0.25,15052488000.0,-593753000.0,-593753000.0,8973032000.0,2107606000.0,110971708000.0,14458735000.0,12351129000.0,-1342535000.0,2461916000.0,831085000.0,9418346750.0,8973032000.0,116326389000.0,,8889154000.0,350910000.0,350910000.0,25.57,25.57,8973032000.0,8973032000.0,0.0,8973032000.0,,8973032000.0,8973032000.0,916181000.0,9889213000.0,4470397000.0,,,,-1342535000.0,-288296000.0,2461916000.0,831085000.0,7861444000.0,5354681000.0,236802000.0,,,3881382000.0,1930002000.0,1951380000.0,,13216125000.0,110971708000.0,124187833000.0,124187833000.0,FROTO,,1349032000.0,
2023-09-30,,,,,,,,,,,,,,,,,,,350910000.0,350910000.0,57.32,57.32,,,,,,,,,,,,,,,,,,,,,,,,,,,,,,,FROTO,,,
2025-03-31,-213887000.0,0.25,10131181000.0,-855548000.0,-855548000.0,-1640076000.0,4720201000.0,77842714000.0,9275633000.0,4555432000.0,-4527222000.0,5508478000.0,1717763000.0,-998415000.0,-1640076000.0,107889154000.0,,2504920000.0,606851917.0,606851917.0,-2.703,-2.703,-1640076000.0,-1640076000.0,0.0,-1640076000.0,311503000.0,-1951579000.0,-1951579000.0,998533000.0,-953046000.0,4342139000.0,25690000.0,-25690000.0,,-4527222000.0,736507000.0,5508478000.0,1717763000.0,1228488000.0,30046440000.0,130654000.0,,,28974651000.0,21430415000.0,7544236000.0,,31274928000.0,77842714000.0,109117642000.0,109117642000.0,ARCLK,,1297230000.0,
2024-12-31,1593710747.167549,0.301269,15829761000.0,5289987000.0,5289987000.0,6695085000.0,5028310000.0,92858457000.0,21119748000.0,16091438000.0,-6716975000.0,10879168000.0,1413666000.0,2998808747.167549,6695085000.0,126824371000.0,,5667083000.0,,,,,6695085000.0,6695085000.0,0.0,6695085000.0,3053112000.0,3641973000.0,3641973000.0,1570297000.0,5212270000.0,7606901000.0,5964312000.0,410428000.0,-6492724000.0,-6716975000.0,-2748527000.0,10879168000.0,1413666000.0,361353000.0,33965914000.0,850228000.0,,,32136691000.0,24541271000.0,7595420000.0,,34327267000.0,92858457000.0,127185724000.0,127185724000.0,ARCLK,117984000.0,1390496000.0,
2024-09-30,-334902398.124227,0.156142,5230968000.0,-2144862000.0,-2144862000.0,-5001552000.0,4886979000.0,77564147000.0,3086106000.0,-1800873000.0,-6610974000.0,4844706000.0,590195000.0,-3191592398.124227,-5001552000.0,104892673000.0,,-1927976000.0,606851917.0,606851917.0,-8.242,-8.242,-5001552000.0,-5001552000.0,0.0,-5001552000.0,606375000.0,-5607927000.0,-5607927000.0,-1037652000.0,-6645579000.0,2431212000.0,-924528000.0,15422000.0,909106000.0,-6610974000.0,2356463000.0,4844706000.0,590195000.0,498074000.0,27328526000.0,118698000.0,,,25978842000.0,20130106000.0,5848736000.0,,27826600000.0,77564147000.0,105390747000.0,105390747000.0,ARCLK,,1504508000.0,
2024-06-30,-238829500.0,0.25,5636433000.0,-955318000.0,-955318000.0,-432399000.0,3101997000.0,73467372000.0,4681115000.0,1579118000.0,-2686803000.0,3129921000.0,791787000.0,284089500.0,-432399000.0,100852215000.0,,109253000.0,606851917.0,606851917.0,-0.713,-0.713,-432399000.0,-432399000.0,0.0,-432399000.0,372843000.0,-805242000.0,-805242000.0,-745561000.0,-1550803000.0,1786083000.0,882121000.0,88269000.0,-970390000.0,-2686803000.0,348669000.0,3129921000.0,791787000.0,732135000.0,27384843000.0,182541000.0,,,26178361000.0,20424792000.0,5753569000.0,,28116978000.0,73467372000.0,101584350000.0,101584350000.0,ARCLK,,1129967000.0,
2024-03-31,-196843170.107734,0.28095,13305552000.0,-700635000.0,-700635000.0,2425279000.0,3532711000.0,70182018000.0,12604917000.0,9072206000.0,-4608745000.0,5424065000.0,1020494000.0,2929070829.892266,2425279000.0,95391823000.0,,3818072000.0,606851917.0,606851917.0,3.996,3.996,2425279000.0,2425279000.0,0.0,2425279000.0,-197918000.0,2623197000.0,2623197000.0,1024944000.0,3648141000.0,6355372000.0,-22197000.0,22197000.0,,-4608745000.0,205174000.0,5424065000.0,1020494000.0,4409242000.0,25209805000.0,71994000.0,,,24418705000.0,18489273000.0,5929432000.0,,29619047000.0,70182018000.0,99801065000.0,99801065000.0,ARCLK,,845507000.0,
2023-09-30,,,,,,,,,,,,,,,,,,,606851917.0,606851917.0,2.051,2.051,,,,,,,,,,,,,0.0,,,,,,,,,,,,,,,,,,ARCLK,,,
2025-03-31,-106854321.673597,0.116538,12375001000.0,-916904000.0,-916904000.0,1254131000.0,4331506000.0,34698670000.0,11458097000.0,7126591000.0,-4125088000.0,5622955000.0,1497867000.0,2064180678.326403,1254131000.0,46988877000.0,,-487089000.0,2188630000.0,2188630000.0,0.573,0.573,1254131000.0,1254131000.0,0.0,1254131000.0,-74274000.0,1328405000.0,1328405000.0,175231000.0,1503636000.0,6634620000.0,64784000.0,-40062000.0,,-4125088000.0,,5622955000.0,1497867000.0,-1524712000.0,12290207000.0,768934000.0,,,12036456000.0,7822784000.0,4213672000.0,,10765495000.0,34698670000.0,45464165000.0,45464165000.0,SISE,-24722000.0,369904000.0,
2024-12-31,464713000.0,0.25,5799293000.0,1858852000.0,1858852000.0,-1141028000.0,3362267000.0,38836746000.0,7658145000.0,4295878000.0,-3130813000.0,6946273000.0,3815460000.0,-2535167000.0,-1141028000.0,51986886000.0,,-2379452000.0,,,,,-1141028000.0,-1141028000.0,0.0,-1141028000.0,140585000.0,-1281613000.0,-1281613000.0,-1368782000.0,-2650395000.0,3636195000.0,-465687000.0,336729000.0,,-3130813000.0,,6946273000.0,3815460000.0,-2709774000.0,13150140000.0,821244000.0,,,12994807000.0,8256461000.0,4738346000.0,,10440366000.0,38836746000.0,49277112000.0,49277112000.0,SISE,-38645000.0,229494000.0,
2024-09-30,-17665628.972269,0.056984,11382080000.0,-310013000.0,-310013000.0,795387000.0,4491342000.0,32943067000.0,11072067000.0,6580725000.0,-3842942000.0,5471913000.0,1628971000.0,1087734371.027731,795387000.0,42636720000.0,,549558000.0,2822523066.0,2822523066.0,0.2818,0.2818,795387000.0,795387000.0,0.0,795387000.0,-250241000.0,1045628000.0,1045628000.0,63184000.0,1108812000.0,4067107000.0,-10417000.0,39499000.0,,-3842942000.0,,5471913000.0,1628971000.0,230213000.0,9693653000.0,682349000.0,,,9334004000.0,6414673000.0,2919331000.0,,9923866000.0,32943067000.0,42866933000.0,42866933000.0,SISE,-29082000.0,450244000.0,
2024-06-30,168341250.0,0.25,6340375000.0,673365000.0,673365000.0,2375134000.0,2472399000.0,31969204000.0,7013740000.0,4541341000.0,-3181812000.0,5171169000.0,1989357000.0,1870110250.0,2375134000.0,42828805000.0,,-891288000.0,2735699148.0,2735699148.0,0.8682,0.8682,2375134000.0,2375134000.0,0.0,2375134000.0,-29276000.0,2404410000.0,2404410000.0,-3034238000.0,-629828000.0,2606302000.0,-71169000.0,-14108000.0,,-3181812000.0,,5171169000.0,1989357000.0,-1031712000.0,10859601000.0,464850000.0,,,10818708000.0,6867778000.0,3950930000.0,,9827889000.0,31969204000.0,41797093000.0,41797093000.0,SISE,85128000.0,157001000.0,149000.0
2024-03-31,164173000.0,0.25,15651754000.0,656692000.0,656692000.0,3193301000.0,4764844000.0,43397661000.0,16308446000.0,11543602000.0,-2315753000.0,5282015000.0,2966262000.0,2700782000.0,3193301000.0,56793579000.0,26212000.0,899601000.0,2469110000.0,2469110000.0,1.2933,1.2933,3193301000.0,3193301000.0,0.0,3193301000.0,-92265000.0,3285566000.0,3285566000.0,2976021000.0,6261587000.0,6327511000.0,203294000.0,-182424000.0,,-2315753000.0,,5282015000.0,2966262000.0,-745055000.0,13395918000.0,823959000.0,,,13066757000.0,9126263000.0,3940494000.0,26212000.0,12650863000.0,43397661000.0,56048524000.0,56048524000.0,SISE,-20870000.0,259036000.0,
2023-12-31,,,,,,,,,,,,,,,,,,,,,,,,,,,,,,,,,,,0.0,,,,,,,,,,,,,,,,,,SISE,,,67821000.0
2023-09-30,,,,,,,,,,,,,,,,,,,2900026420.0,2900026420.0,-0.2271,-0.2271,,,,,,,,,,,,,0.0,,,,,,,,,,,,,,,,,,SISE,,,7855000.0
2025-03-31,-560800000.0,0.4,36562000000.0,-1402000000.0,-1402000000.0,-1415000000.0,15193000000.0,446235000000.0,35160000000.0,19967000000.0,-4586000000.0,13297000000.0,10709000000.0,-573800000.0,-1415000000.0,521415000000.0,,17485000000.0,2535007575.0,2535007575.0,-0.558,-0.558,-1415000000.0,-1415000000.0,0.0,-1415000000.0,1574000000.0,-2989000000.0,-2989000000.0,9659000000.0,6670000000.0,-3756000000.0,-87000000.0,87000000.0,,-4586000000.0,1998000000.0,13297000000.0,10709000000.0,16905000000.0,75180000000.0,8401000000.0,,,66415000000.0,27907000000.0,38508000000.0,,92085000000.0,446235000000.0,538320000000.0,538320000000.0,KCHOL,,1867000000.0,
2024-12-31,1286750000.0,0.25,47279000000.0,5147000000.0,5147000000.0,3211000000.0,21053000000.0,570218000000.0,52426000000.0,31373000000.0,-8954000000.0,19053000000.0,10584000000.0,-649250000.0,3211000000.0,643107000000.0,,20410000000.0,,,,,3211000000.0,3211000000.0,0.0,3211000000.0,39000000.0,3172000000.0,3172000000.0,9148000000.0,12320000000.0,365000000.0,6465000000.0,-1524000000.0,-5265000000.0,-8954000000.0,485000000.0,19053000000.0,10584000000.0,14285000000.0,72889000000.0,5821000000.0,,,71454000000.0,32171000000.0,39283000000.0,,87174000000.0,570218000000.0,657392000000.0,657392000000.0,KCHOL,,1930000000.0,
2024-09-30,-606750000.0,0.25,28475000000.0,-2427000000.0,-2427000000.0,-3682000000.0,15012000000.0,488078000000.0,26048000000.0,11036000000.0,-7047000000.0,14165000000.0,9902000000.0,-1861750000.0,-3682000000.0,548479000000.0,,12188000000.0,2535007575.0,2535007575.0,-1.45,-1.45,-3682000000.0,-3682000000.0,0.0,-3682000000.0,3164000000.0,-6846000000.0,-6846000000.0,3717000000.0,-3129000000.0,-7917000000.0,238000000.0,28000000.0,-266000000.0,-7047000000.0,2784000000.0,14165000000.0,9902000000.0,12254000000.0,60401000000.0,4785000000.0,,,57038000000.0,25636000000.0,31402000000.0,,72655000000.0,488078000000.0,560733000000.0,560733000000.0,KCHOL,,2044000000.0,
2024-06-30,-889500000.0,0.25,34382000000.0,-3558000000.0,-3558000000.0,164000000.0,10345000000.0,448096000000.0,30824000000.0,20479000000.0,-4134000000.0,11914000000.0,7605000000.0,2832500000.0,164000000.0,500197000000.0,,,2535007575.0,2535007575.0,0.065,0.065,164000000.0,164000000.0,0.0,164000000.0,449000000.0,-285000000.0,-285000000.0,8850000000.0,8565000000.0,-8135000000.0,673000000.0,297000000.0,-970000000.0,-4134000000.0,-175000000.0,11914000000.0,7605000000.0,21256000000.0,52101000000.0,-965000000.0,,,55997000000.0,27346000000.0,28651000000.0,,73357000000.0,448096000000.0,521453000000.0,521453000000.0,KCHOL,,1554000000.0,
2024-03-31,240500000.0,0.25,37090000000.0,962000000.0,962000000.0,2737000000.0,11858000000.0,518987000000.0,38052000000.0,26194000000.0,-671000000.0,14734000000.0,14701000000.0,2015500000.0,2737000000.0,588187000000.0,,36698000000.0,2535007575.0,2535007575.0,1.08,1.08,2737000000.0,2737000000.0,0.0,2737000000.0,2383000000.0,354000000.0,354000000.0,11106000000.0,11460000000.0,-23272000000.0,1661000000.0,-1661000000.0,,-671000000.0,638000000.0,14734000000.0,14701000000.0,33854000000.0,69200000000.0,5976000000.0,,,62383000000.0,26621000000.0,35762000000.0,,103054000000.0,518987000000.0,622041000000.0,622041000000.0,KCHOL,3659000000.0,1427000000.0,
2023-12-31,,,,,,,,,,,,,,,,,,65766000000.0,,,,,,,,,,,,,,,,,,,,,,,,,,,,,,,,,,,KCHOL,,,
2023-09-30,,,,,,,,,,,,,,,,,,,2535007575.0,2535007575.0,5.32,5.32,,,,,,,,,,,,,0.0,,,,,,,,,,,,,,,,,,KCHOL,,,
2025-03-31,-196827600.0,0.4,9591005000.0,-492069000.0,-492069000.0,97077000.0,3003126000.0,145458378000.0,9098936000.0,6095810000.0,1415122000.0,3562418000.0,5051921000.0,392318400.0,97077000.0,151977649000.0,,3841689000.0,1926795598.0,1926795598.0,0.05,0.05,97077000.0,97077000.0,0.0,97077000.0,-23050000.0,120127000.0,120127000.0,2413265000.0,2533392000.0,-2018884000.0,14620000.0,-6789000.0,-7831000.0,1415122000.0,74381000.0,3562418000.0,5051921000.0,6645738000.0,6519271000.0,472368000.0,,,6303652000.0,2065209000.0,4238443000.0,,13165009000.0,145458378000.0,158623387000.0,158623387000.0,TUPRS,,113053000.0,
2024-12-31,-364497846.296009,0.374237,16185164000.0,-973977000.0,-973977000.0,4742426000.0,2417703000.0,196350769000.0,15211187000.0,12793484000.0,4159556000.0,4538578000.0,8753318000.0,5351905153.703991,4742426000.0,202601446000.0,,7904953000.0,,,,,4742426000.0,4742426000.0,0.0,4742426000.0,-423192000.0,5165618000.0,5165618000.0,3089288000.0,8254906000.0,-1971499000.0,-161139000.0,150001000.0,,4159556000.0,55184000.0,4538578000.0,8753318000.0,8452141000.0,6250677000.0,820069000.0,-837926000.0,-837926000.0,4084555000.0,-4071313000.0,8155868000.0,,14702818000.0,196350769000.0,211053587000.0,211053587000.0,TUPRS,,678000.0,
2024-09-30,-531642672.710758,0.314843,19299622000.0,-1688597000.0,-1688597000.0,7744044000.0,2631985000.0,177437979000.0,17611025000.0,14979040000.0,5564818000.0,3515889000.0,9272801000.0,8900998327.289242,7744044000.0,183748378000.0,,11583377000.0,1926795598.0,1926795598.0,4.02,4.02,7744044000.0,7744044000.0,0.0,7744044000.0,-110016000.0,7854060000.0,7854060000.0,3609091000.0,11463151000.0,-3040788000.0,-86238000.0,86238000.0,,5564818000.0,192094000.0,3515889000.0,9272801000.0,12474272000.0,6310399000.0,770103000.0,1009756000.0,1009756000.0,2411421000.0,1229145000.0,1182276000.0,,18784671000.0,177437979000.0,196222650000.0,196222650000.0,TUPRS,,115003000.0,
2024-06-30,-659644500.0,0.25,15039947000.0,-2638578000.0,-2638578000.0,5004075000.0,1611216000.0,173283800000.0,12401369000.0,10790153000.0,4654710000.0,1798822000.0,5557324000.0,6983008500.0,5004075000.0,180462647000.0,,10579447000.0,1926795598.0,1926795598.0,2.6,2.6,5004075000.0,5004075000.0,0.0,5004075000.0,-67228000.0,5071303000.0,5071303000.0,3920028000.0,8991331000.0,-2676554000.0,-90694000.0,90694000.0,,4654710000.0,-896208000.0,1798822000.0,5557324000.0,10253025000.0,7178847000.0,698264000.0,1012732000.0,1012732000.0,3680323000.0,2390224000.0,1290099000.0,,17431872000.0,173283800000.0,190715672000.0,190715672000.0,TUPRS,,80296000.0,
2024-03-31,-2679500.0,0.25,9447359000.0,-10718000.0,-10718000.0,442408000.0,2955206000.0,210330068000.0,9436641000.0,6481435000.0,8407477000.0,3868374000.0,12320833000.0,450446500.0,442408000.0,218644074000.0,,5884428000.0,1926795598.0,1926795598.0,0.23,0.23,442408000.0,442408000.0,0.0,442408000.0,-131059000.0,573467000.0,573467000.0,2039594000.0,2613061000.0,-7734828000.0,507000.0,-507000.0,0.0,8407477000.0,44982000.0,3868374000.0,12320833000.0,9880816000.0,8314006000.0,459328000.0,916628000.0,916628000.0,7945751000.0,3098986000.0,4846765000.0,,18194822000.0,210330068000.0,228524890000.0,228524890000.0,TUPRS,,137560000.0,
2023-12-31,,,,,,,,,,,,,,,,,,,,,,,,,,,,,,,,,,,,,,,,,,,1660040000.0,1660040000.0,,,,,,,,,TUPRS,,,
2023-09-30,,,,,,,,,,,,,,,,,,,1926795598.0,1926795598.0,5.14,5.14,,,,,,,,,,,,,,,,,,,,,,,,,,,,,,,TUPRS,,,
2025-03-31,51409250.0,0.25,436454000.0,205637000.0,205637000.0,506146000.0,175423000.0,3017145000.0,642091000.0,466668000.0,188818000.0,0.0,188818000.0,351918250.0,506146000.0,3818247000.0,,402105000.0,3201951522.0,3201951522.0,0.016,0.016,506146000.0,506146000.0,0.0,506146000.0,,506146000.0,506146000.0,-39478000.0,466668000.0,-502719000.0,32415000.0,-32415000.0,,188818000.0,,0.0,188818000.0,402105000.0,801102000.0,104963000.0,,,371267000.0,31339000.0,339928000.0,,1203207000.0,3017145000.0,4220352000.0,4220352000.0,KOZAL,,357084000.0,
2024-12-31,301624750.0,0.25,-677565000.0,1344024000.0,1206499000.0,87178000.0,220881000.0,879190000.0,666459000.0,445578000.0,403620000.0,656000.0,404276000.0,-817696250.0,87178000.0,1959723000.0,94352000.0,-720302000.0,,,,,87178000.0,87178000.0,0.0,87178000.0,,87178000.0,87178000.0,357744000.0,444922000.0,-418414000.0,-142368000.0,-16844000.0,,403620000.0,,656000.0,404276000.0,-814493000.0,1080533000.0,366996000.0,,,370652000.0,44951000.0,325701000.0,1231000.0,266040000.0,879190000.0,1145230000.0,1145230000.0,KOZAL,0.0,376575000.0,
2024-09-30,407457957.946306,0.278992,-860137000.0,1460466000.0,1460466000.0,775603000.0,214459000.0,970373000.0,600329000.0,385870000.0,261754000.0,,261754000.0,-277405042.053694,775603000.0,1472213000.0,1893000.0,384713000.0,3201778176.0,3201778176.0,0.24,0.24,775603000.0,775603000.0,0.0,775603000.0,,775603000.0,775603000.0,300117000.0,1075720000.0,-1021624000.0,24255000.0,-24255000.0,,261754000.0,,,261754000.0,385870000.0,501840000.0,56050000.0,,,314970000.0,42202000.0,272768000.0,1893000.0,887710000.0,970373000.0,1858083000.0,1858083000.0,KOZAL,0.0,155322000.0,
2024-06-30,114757500.0,0.25,-1048095000.0,459030000.0,459030000.0,-39409000.0,325743000.0,1438612000.0,-589065000.0,-914808000.0,258222000.0,0.0,258222000.0,-383681500.0,-39409000.0,2036070000.0,,-33165000.0,3201970842.0,3201970842.0,-0.012,-0.012,-39409000.0,-39409000.0,0.0,-39409000.0,,-39409000.0,-39409000.0,-875399000.0,-914808000.0,-1691762000.0,-110170000.0,110170000.0,,258222000.0,,0.0,258222000.0,51396000.0,597458000.0,161533000.0,,,315268000.0,80989000.0,234279000.0,,648854000.0,1438612000.0,2087466000.0,2087466000.0,KOZAL,0.0,171509000.0,
2024-03-31,186464000.0,0.25,247858000.0,745856000.0,745856000.0,-252487000.0,492768000.0,2729124000.0,993714000.0,500946000.0,287385000.0,5802000.0,293187000.0,-811879000.0,-252487000.0,3615398000.0,,430316000.0,3202096627.0,3202096627.0,-0.008,-0.008,-252487000.0,-252487000.0,0.0,-252487000.0,,-252487000.0,-252487000.0,747631000.0,495144000.0,-1575792000.0,3407000.0,-3407000.0,,287385000.0,,5802000.0,293187000.0,430316000.0,886274000.0,222750000.0,,,326063000.0,3923000.0,322140000.0,,1316590000.0,2729124000.0,4045714000.0,4045714000.0,KOZAL,0.0,392625000.0,
2023-12-31,,,,,,,,,,,,15495000.0,,,,,,,,,,,,,,,,,,,,,,,,,,15495000.0,,,,,,,,,,,,,,,KOZAL,-196000.0,,
2023-09-30,,,,,,,,,,,,,,,,,1457000.0,,3202000000.0,3202000000.0,-0.67,-0.67,,,,,,,,,,,,,,,,,,,,,,,,,,1457000.0,,,,,KOZAL,,,
